-- phpMyAdmin SQL Dump
-- version 5.2.1
-- https://www.phpmyadmin.net/
--
-- Počítač: localhost
-- Vytvořeno: Čtv 23. úno 2023, 18:43
-- Verze serveru: 8.0.32
-- Verze PHP: 8.2.3

SET SQL_MODE = "NO_AUTO_VALUE_ON_ZERO";
START TRANSACTION;
SET time_zone = "+00:00";


/*!40101 SET @OLD_CHARACTER_SET_CLIENT=@@CHARACTER_SET_CLIENT */;
/*!40101 SET @OLD_CHARACTER_SET_RESULTS=@@CHARACTER_SET_RESULTS */;
/*!40101 SET @OLD_COLLATION_CONNECTION=@@COLLATION_CONNECTION */;
/*!40101 SET NAMES utf8mb4 */;

--
-- Databáze: `yetinder`
--

-- --------------------------------------------------------

--
-- Struktura tabulky `doctrine_migration_versions`
--

CREATE TABLE `doctrine_migration_versions` (
  `version` varchar(191) COLLATE utf8mb3_unicode_ci NOT NULL,
  `executed_at` datetime DEFAULT NULL,
  `execution_time` int DEFAULT NULL
) ENGINE=InnoDB DEFAULT CHARSET=utf8mb3 COLLATE=utf8mb3_unicode_ci;

--
-- Vypisuji data pro tabulku `doctrine_migration_versions`
--

INSERT INTO `doctrine_migration_versions` (`version`, `executed_at`, `execution_time`) VALUES
('DoctrineMigrations\\Version20230221184154', '2023-02-21 18:42:09', 9),
('DoctrineMigrations\\Version20230221214058', '2023-02-21 21:41:15', 71),
('DoctrineMigrations\\Version20230223081231', '2023-02-23 08:12:46', 53),
('DoctrineMigrations\\Version20230223081341', '2023-02-23 08:13:45', 11),
('DoctrineMigrations\\Version20230223083841', '2023-02-23 08:38:48', 18),
('DoctrineMigrations\\Version20230223145840', '2023-02-23 14:58:52', 31),
('DoctrineMigrations\\Version20230223180257', '2023-02-23 18:03:07', 34);

-- --------------------------------------------------------

--
-- Struktura tabulky `statistic`
--

CREATE TABLE `statistic` (
  `id` binary(16) NOT NULL COMMENT '(DC2Type:uuid)',
  `yeti_id` binary(16) DEFAULT NULL COMMENT '(DC2Type:uuid)',
  `created` datetime NOT NULL,
  `likes` int NOT NULL
) ENGINE=InnoDB DEFAULT CHARSET=utf8mb4 COLLATE=utf8mb4_unicode_ci;

--
-- Vypisuji data pro tabulku `statistic`
--

INSERT INTO `statistic` (`id`, `yeti_id`, `created`, `likes`) VALUES
(0x34393039666630632d613466302d3361, 0x30343865323433382d383162632d3366, '2023-02-15 20:15:24', -514),
(0x30623532366533342d333264662d3365, 0x30346132333461622d666663662d3366, '2022-10-06 18:21:42', 490),
(0x33313431333033392d333364642d3363, 0x30653337386264642d656231342d3330, '2022-11-15 08:00:38', -250),
(0x31633161633063632d383935382d3363, 0x31316161613864372d646263612d3331, '2022-09-23 08:59:49', -421),
(0x36383130356630612d353135642d3362, 0x31343462346661632d316533322d3363, '2022-04-30 23:41:01', 512),
(0x33333833363261332d366537342d3330, 0x31353831353334372d373263612d3334, '2023-01-13 10:04:09', -729),
(0x37623963346262302d663965352d3331, 0x31366563383962352d653631622d3361, '2022-03-22 04:27:37', 933),
(0x61626563326565372d356239642d3361, 0x31633538393838352d313265382d3333, '2022-07-09 19:45:06', -461),
(0x39613333303534352d326533332d3332, 0x31653035323030332d313430352d3366, '2022-12-12 23:18:27', -301),
(0x63353533323135382d303138662d3364, 0x31666566316231612d633566622d3333, '2022-09-20 10:33:23', 493),
(0x61346564376238312d346365612d3361, 0x32306565383763382d656631612d3362, '2023-02-01 09:50:55', -505),
(0x34343562663639622d303231662d3339, 0x32326534646265612d646138612d3365, '2022-11-08 06:46:10', -847),
(0x65383936326334312d613734612d3330, 0x32353062393861382d613939372d3334, '2022-08-27 16:11:11', 306),
(0x31663937363064362d346661332d3337, 0x32366362663164332d313165372d3330, '2022-10-14 19:45:47', 862),
(0x38316633653032382d383735652d3335, 0x32626162366637372d633139352d3362, '2022-12-22 13:41:19', -394),
(0x65393663626365312d643839652d3338, 0x33313639316164302d346266372d3335, '2022-09-25 11:23:12', 866),
(0x30383733643239342d353930322d3335, 0x33313966303264312d336232632d3330, '2022-08-07 20:27:04', 115),
(0x61396361303533352d336539342d3330, 0x33316535313061302d343035632d3362, '2023-01-06 08:47:56', 303),
(0x65616639653130622d643931362d3339, 0x33326435306330372d316439332d3363, '2022-04-12 21:49:11', 102),
(0x34323930313563642d323039642d3335, 0x33333032323535372d363933382d3366, '2022-05-29 16:26:40', 330),
(0x31353739383363372d663633632d3335, 0x33353835363364342d346162612d3364, '2022-07-03 01:12:25', 342),
(0x61336433303737632d373666322d3331, 0x33366162306666362d396138662d3330, '2022-09-02 22:39:42', 633),
(0x36393933346635632d366138392d3334, 0x33623939666166612d616466632d3365, '2022-08-02 14:50:20', 753),
(0x31333262646531382d633166392d3331, 0x33633732633366352d616237382d3332, '2022-11-29 22:16:29', 692),
(0x31326130663539342d623335662d3365, 0x34303233343634662d616238302d3334, '2022-12-09 12:26:42', 280),
(0x66666363363732332d326665352d3362, 0x34336665613566652d356135642d3332, '2022-04-06 06:08:46', 815),
(0x62306236343562352d646665332d3363, 0x34613339343766622d626661352d3366, '2022-12-05 08:39:29', 750),
(0x39646665303236632d653362332d3361, 0x34613562306261622d663562332d3337, '2022-02-28 15:54:54', 366),
(0x66643035636165642d626666302d3365, 0x34626639373432652d613263332d3363, '2022-06-09 04:41:58', 294),
(0x35316335346661312d373136632d3363, 0x34636138613234312d633336342d3335, '2023-02-13 10:49:17', 600),
(0x37623163343535372d366366382d3331, 0x34646364376161312d316432362d3334, '2023-01-19 23:08:23', -675),
(0x32656534313136302d393936362d3333, 0x34663232303139652d303034662d3330, '2022-03-28 16:56:19', -860),
(0x34653062336234632d316338362d3334, 0x34666664356366632d316335622d3362, '2022-11-19 11:25:25', 702),
(0x66613833636531612d613762652d3361, 0x35303034346237652d346336312d3365, '2022-05-09 17:24:38', -303),
(0x30363863356631322d653065312d3362, 0x35353034383065362d346462342d3362, '2022-09-26 07:42:33', 962),
(0x36343535343861622d343230652d3334, 0x35356162336431342d393863322d3334, '2022-06-26 18:44:55', 167),
(0x31333562626161312d353138312d3364, 0x35633437346664622d393930372d3364, '2022-02-25 06:01:28', 617),
(0x34623431656530352d383364372d3337, 0x35666334643434342d373732332d3337, '2022-09-06 16:23:50', 441),
(0x35343639653936372d653765332d3337, 0x36313830303436372d393531662d3339, '2023-02-19 22:30:27', -637),
(0x63396436363366662d363232652d3335, 0x36353164393031662d366232612d3332, '2022-03-14 01:39:22', -200),
(0x31623937313962612d376461362d3337, 0x36353864366233372d643937302d3336, '2023-01-19 23:51:03', 978),
(0x38336538643865642d643636312d3366, 0x36356238626462662d663132642d3363, '2022-09-25 13:12:57', -778),
(0x39303032623539652d386466332d3335, 0x36363938393266322d316532332d3365, '2022-06-24 14:41:16', -635),
(0x32306166393738652d363964322d3364, 0x36376336623037382d633739302d3363, '2022-10-11 21:01:23', 325),
(0x38323164383739342d333333342d3366, 0x36646263666462632d366463312d3334, '2022-10-23 04:12:59', 735),
(0x65623839396265612d353263372d3336, 0x36656262613834372d616263312d3337, '2022-07-02 23:30:34', 165),
(0x34623062636134642d313162392d3333, 0x37316230363738322d653035342d3334, '2022-11-16 14:38:55', 187),
(0x31353166303161352d313739342d3331, 0x37646438616632662d346532392d3333, '2022-05-25 13:00:36', -554),
(0x34396530363833372d646234612d3333, 0x37646563323330332d396362322d3363, '2022-11-10 08:35:57', 31),
(0x61383435323432362d623630342d3335, 0x37663437326437342d396235332d3362, '2022-10-06 09:40:58', -339),
(0x37653661346264342d643634352d3366, 0x38306335326432332d626665642d3364, '2022-06-06 22:30:42', -492),
(0x64323032656338662d613063642d3365, 0x38366434316364642d336639392d3331, '2022-10-08 04:54:57', 966),
(0x34333835623338382d373065612d3338, 0x38623534383061612d316162352d3333, '2023-01-08 16:29:19', -557),
(0x66663961343531362d626262382d3336, 0x38623636393737362d363165342d3366, '2022-06-25 03:31:34', -826),
(0x38636633383138312d363932322d3365, 0x38623835336630332d363866312d3333, '2023-01-19 09:35:26', -249),
(0x30303839636238302d356663372d3335, 0x38626438343766652d313434342d3361, '2022-10-22 14:50:53', 498),
(0x34386430313131642d656536352d3364, 0x38663762326661642d346337612d3364, '2022-07-16 15:25:29', 497),
(0x38363239313063332d656430342d3362, 0x39303961306534342d626661612d3339, '2022-03-02 09:13:01', -933),
(0x39616633613438632d373130612d3339, 0x39333865623831302d383265662d3333, '2022-05-21 22:06:29', -465),
(0x39373632353430382d633836372d3364, 0x39386630316561642d376261662d3334, '2022-05-23 01:21:48', -312),
(0x35356139653439312d373737372d3330, 0x39633562303839662d663630332d3337, '2022-11-25 08:45:48', 436),
(0x65366338663337652d346438622d3334, 0x61343438373166332d633861362d3364, '2022-03-13 16:23:46', -243),
(0x63326266366430322d306164372d3333, 0x61353162666432642d346630622d3365, '2022-07-30 10:40:38', -279),
(0x31626464346163612d613935382d3361, 0x61393663333563382d396262332d3337, '2022-09-19 17:41:48', 940),
(0x36393662303661302d363734352d3337, 0x62313562336333362d346337612d3363, '2022-05-11 11:28:52', -284),
(0x32323130656633352d663531342d3337, 0x62323130386261652d396365332d3331, '2022-03-28 17:33:23', -893),
(0x33336262333664662d643536342d3331, 0x62346562323635382d666636642d3335, '2022-05-20 23:39:27', -753),
(0x38386661656464662d343235302d3339, 0x62383331363031622d613932622d3334, '2022-09-01 07:00:52', -784),
(0x30643436326164372d373966642d3363, 0x62386566613864382d643866382d3331, '2022-07-11 14:51:14', -636),
(0x61366538666131382d363633392d3337, 0x62633961376265302d306361312d3337, '2022-12-20 04:44:39', -669),
(0x34363365366531372d663763662d3338, 0x62663730313662612d633933642d3366, '2022-03-14 23:08:29', -94),
(0x32386435326438332d613762652d3338, 0x62666336343032372d656635382d3362, '2022-04-02 11:19:13', -23),
(0x39363138643335362d633136652d3332, 0x63303562616535632d623638622d3338, '2022-05-25 03:23:51', -872),
(0x65656233646663662d313062342d3333, 0x63353066313930312d653837312d3333, '2022-09-12 01:40:53', -666),
(0x64626630323736362d623062632d3338, 0x63393639383661612d366466322d3334, '2023-01-02 06:11:48', 993),
(0x33313533383437322d626138622d3330, 0x63613765383435612d353065352d3330, '2022-10-13 01:29:54', -683),
(0x39663334326534632d643435332d3334, 0x63623934616137612d356330322d3335, '2022-11-01 00:56:20', 600),
(0x34613639656135302d393135332d3362, 0x63626534303331612d626131662d3339, '2022-06-04 16:47:49', -417),
(0x32646364336264322d306265612d3332, 0x63626662626465352d616666372d3336, '2022-06-08 01:27:35', 469),
(0x36646138353065302d646536332d3365, 0x63636535373762372d323738332d3333, '2022-12-04 08:42:57', -207),
(0x37623264646336362d336637372d3332, 0x64316239336538392d336638622d3338, '2022-03-07 14:16:29', -527),
(0x64633938366231622d373239392d3337, 0x64346162316264662d623464382d3334, '2022-08-08 03:04:48', 202),
(0x61356464626362362d366666622d3364, 0x64353535633037382d326164612d3331, '2022-07-15 12:02:03', 716),
(0x39306261343833662d316636332d3331, 0x64356538386236392d346365362d3339, '2023-02-19 04:59:03', -258),
(0x66346365306165302d663634342d3366, 0x64383536643538322d316634382d3337, '2022-10-16 21:03:09', 482),
(0x37616532643165332d383734612d3336, 0x64613838306363362d333766662d3336, '2022-05-27 05:01:27', -383),
(0x66313938623063642d386563332d3335, 0x64633232323830372d383931652d3335, '2023-02-23 06:18:11', 135),
(0x30393132396132302d633336652d3330, 0x64633837616566652d386463322d3362, '2022-09-04 20:22:34', 324),
(0x30383434623631322d393863622d3339, 0x64653332666664652d383265632d3362, '2023-02-05 03:46:34', 767),
(0x65633437313363312d303437662d3339, 0x65323134333061642d633934302d3335, '2022-09-07 15:56:07', 909),
(0x62303234386164322d623663622d3365, 0x65353031323734352d343039322d3335, '2022-10-23 05:47:35', -73),
(0x33633163653137332d373936622d3335, 0x65376131303935312d623939332d3362, '2022-11-06 13:49:46', 421),
(0x37353563323039622d316664622d3365, 0x66313037643036642d303266362d3333, '2023-01-24 14:54:07', -956),
(0x38646338656638382d626362392d3365, 0x66333436616461372d336262632d3337, '2022-07-21 08:01:06', -942),
(0x39313232363666612d353430372d3336, 0x66356533323735662d653136332d3363, '2022-03-07 10:44:15', 332),
(0x37323463336533372d386631332d3363, 0x66386561643634312d656165322d3330, '2022-03-25 21:13:19', 615),
(0x66393261323264382d393736302d3362, 0x66613636386166662d373962662d3366, '2022-09-24 09:01:34', 995),
(0x32666664613361662d323338312d3361, 0x66623964313562322d613832352d3332, '2022-09-12 04:52:00', -316),
(0x61313933376536612d313736612d3337, 0x66643733386166362d663061332d3330, '2022-10-31 21:56:15', 684),
(0x66333639306430622d353434372d3363, 0x66653335633335372d623133332d3334, '2022-07-20 22:22:11', 711);

-- --------------------------------------------------------

--
-- Struktura tabulky `yeti`
--

CREATE TABLE `yeti` (
  `id` binary(16) NOT NULL COMMENT '(DC2Type:uuid)',
  `name` varchar(255) CHARACTER SET utf8mb4 COLLATE utf8mb4_unicode_ci NOT NULL,
  `age` int NOT NULL,
  `height` int NOT NULL,
  `weigth` int NOT NULL,
  `location` varchar(255) CHARACTER SET utf8mb4 COLLATE utf8mb4_unicode_ci NOT NULL,
  `gender` varchar(255) CHARACTER SET utf8mb4 COLLATE utf8mb4_unicode_ci NOT NULL,
  `likes` int NOT NULL
) ENGINE=InnoDB DEFAULT CHARSET=utf8mb4 COLLATE=utf8mb4_unicode_ci;

--
-- Vypisuji data pro tabulku `yeti`
--

INSERT INTO `yeti` (`id`, `name`, `age`, `height`, `weigth`, `location`, `gender`, `likes`) VALUES
(0x64613838306363362d333766662d3336, 'Jozef', 13, 534, 712, '872 Ivana Dale\nRadkaview, OR 27470', 'female', 501),
(0x36313830303436372d393531662d3339, 'Emil', 108, 284, 931, '036 Radka Groves\nFučíkton, IA 07670', 'male', -613),
(0x63626534303331612d626131662d3339, 'Marcela', 156, 571, 738, '59019 Martin Burgs\nOlgaview, TX 73963-6815', 'male', -555),
(0x33353835363364342d346162612d3364, 'Blanka', 182, 378, 872, '76116 Vladimíra Hill\nMilušeland, GA 62181', 'female', 143),
(0x38663762326661642d346337612d3364, 'Jakub', 77, 200, 497, '34456 Tureček Springs\nLake Radim, ND 04317-5039', 'male', -398),
(0x38623835336630332d363866312d3333, 'Vít', 103, 613, 680, '15632 Vorlová Flats\nNew Marcel, DC 55703', 'female', 551),
(0x36363938393266322d316532332d3365, 'Monika', 33, 922, 843, '943 Radim Loaf\nNew Rostislavfurt, HI 83825-7942', 'female', 108),
(0x64316239336538392d336638622d3338, 'Bohuslav', 198, 110, 161, '74104 Marek Harbor Apt. 387\nNorth Liborton, WV 69921', 'male', 683),
(0x31666566316231612d633566622d3333, 'Natálie', 229, 770, 798, '77865 Vlastimil Brooks Apt. 623\nRichardbury, KY 04502', 'male', 3),
(0x38626438343766652d313434342d3361, 'Helena', 28, 855, 967, '06215 Šplíchal Freeway Suite 621\nSouth Michael, VA 81793-1768', 'female', -523),
(0x36353864366233372d643937302d3336, 'Věra', 46, 996, 191, '32808 Marečková Causeway Apt. 415\nŠárkaland, MA 05692-3008', 'male', 678),
(0x34666664356366632d316335622d3362, 'Jindřich', 59, 203, 567, '3053 Božena Island Suite 339\nWest Vasylport, WY 65380-5834', 'female', -590),
(0x31366563383962352d653631622d3361, 'Mária', 81, 375, 108, '5562 Formánková Wall\nLake Monikaside, AR 26550', 'female', 390),
(0x66386561643634312d656165322d3330, 'Jan', 71, 706, 985, '55877 Ježek Knolls\nSouth Lenkamouth, GA 16609-8134', 'female', -469),
(0x39303961306534342d626661612d3339, 'Patrik', 149, 917, 389, '7301 Eliášová Passage\nLubošside, UT 24209-0404', 'female', -571),
(0x32353062393861382d613939372d3334, 'Miloš', 232, 950, 809, '6580 Vasyl Wall Suite 467\nSouth Lenkaberg, ND 07037', 'male', -821),
(0x34613339343766622d626661352d3366, 'Richard', 92, 586, 925, '360 Veverková Plain\nNorth Jaromírtown, NV 97036-3737', 'female', -406),
(0x33326435306330372d316439332d3363, 'Marcela', 142, 660, 833, '0297 Kryštof Fort\nOldřichton, VA 80724', 'male', -167),
(0x62386566613864382d643866382d3331, 'Michal', 28, 479, 560, '228 Libor Spring Suite 288\nMrázováfurt, AL 51655-4747', 'female', -276),
(0x65353031323734352d343039322d3335, 'David', 30, 477, 945, '39664 Kroupová Row\nPort Kateřinaland, VA 51385', 'female', 925),
(0x31343462346661632d316533322d3363, 'Vladimír', 105, 907, 441, '49087 Řezáč Camp Apt. 626\nLake Emilie, AZ 08086', 'female', 922),
(0x32306565383763382d656631612d3362, 'Josef', 149, 473, 872, '314 Matějková Island Suite 926\nVáclavekport, RI 62800-5945', 'male', 199),
(0x66653335633335372d623133332d3334, 'Marcel', 157, 385, 943, '3790 Dušan Loaf\nHlaváčekshire, NM 83217', 'male', -902),
(0x63636535373762372d323738332d3333, 'Božena', 132, 878, 418, '08703 Kubiš Dam\nJakoubkovátown, NC 75016', 'female', 98),
(0x34336665613566652d356135642d3332, 'Vlastimil', 241, 433, 804, '52119 Spáčil Branch\nNorth Dalibormouth, CA 79260-4609', 'male', -697),
(0x63613765383435612d353065352d3330, 'Miluše', 45, 123, 107, '61186 Škrabal Canyon Apt. 713\nNorth Barbora, FL 65820-8568', 'male', -933),
(0x35353034383065362d346462342d3362, 'Věra', 211, 606, 486, '023 Rudolf Circle Suite 824\nBučkováton, UT 85829-5520', 'female', -863),
(0x34646364376161312d316432362d3334, 'Milena', 125, 756, 979, '380 Štěpánka Viaduct Suite 723\nEduardmouth, NM 72518-5679', 'female', -147),
(0x38306335326432332d626665642d3364, 'Kryštof', 128, 550, 764, '4146 Kleinová Village Apt. 061\nEast Lukášfurt, AL 72217', 'female', -996),
(0x35666334643434342d373732332d3337, 'Soňa', 33, 563, 396, '6767 Zavřelová Mountains\nMűllerovámouth, ID 15365-8321', 'female', 551),
(0x36646263666462632d366463312d3334, 'Tereza', 187, 387, 238, '97946 Martina Hollow Suite 211\nHolíkováport, MN 92907-2901', 'male', -186),
(0x39333865623831302d383265662d3333, 'Iveta', 167, 103, 827, '5652 Dohnalová Drive Apt. 204\nEast Jarmilaport, MS 48231', 'male', 999),
(0x65323134333061642d633934302d3335, 'Nikola', 134, 650, 779, '1705 Husák Expressway Apt. 363\nWest Martinaberg, AK 74161', 'female', 410),
(0x63393639383661612d366466322d3334, 'Rostislav', 2, 768, 969, '4474 Štefan Stream\nWest Renatachester, MS 53962-8238', 'male', -807),
(0x37646563323330332d396362322d3363, 'Robert', 117, 696, 875, '850 Šedivý Pines Suite 268\nNeumannmouth, MA 30230-5694', 'male', 545),
(0x34613562306261622d663562332d3337, 'Vlasta', 204, 297, 417, '0739 Nela Centers Suite 401\nDavidhaven, CT 56687-0973', 'female', 846),
(0x63623934616137612d356330322d3335, 'Jindřich', 60, 534, 589, '21343 Píša Trafficway Apt. 377\nNorth Simona, AL 08883', 'male', -421),
(0x33316535313061302d343035632d3362, 'Denisa', 225, 225, 216, '3818 Josef Plaza\nNew Vasyl, WA 91621-2220', 'female', -419),
(0x36356238626462662d663132642d3363, 'Radka', 66, 760, 874, '08056 Vladimíra Mall\nEast Jitka, GA 73949-6852', 'female', -162),
(0x33623939666166612d616466632d3365, 'Karel', 84, 182, 804, '1508 Martin Road Apt. 581\nDanielbury, MO 83611-3206', 'female', -970),
(0x61343438373166332d633861362d3364, 'Vojtěch', 4, 219, 547, '14403 Dvořáček Lane Suite 562\nLake Jaroslav, MS 01607-0684', 'female', 708),
(0x64633837616566652d386463322d3362, 'Hana', 235, 320, 494, '00896 Eliášová Isle Apt. 892\nKarelmouth, NJ 35956', 'male', 120),
(0x33633732633366352d616237382d3332, 'Daniel', 29, 979, 886, '23327 vanová Land Suite 902\nPort Kristýna, ME 94944', 'male', -945),
(0x62323130386261652d396365332d3331, 'Robert', 98, 543, 332, '4228 vanová Avenue Suite 764\nVlastimilshire, NE 35088-2375', 'male', -131),
(0x64353535633037382d326164612d3331, 'Miloslava', 45, 513, 926, '647 Seidlová Islands\nJiříbury, VA 39231-2112', 'female', 933),
(0x64653332666664652d383265632d3362, 'Nikola', 145, 672, 717, '7000 Simona Mall Suite 161\nSýkoramouth, WY 87304', 'male', -166),
(0x39386630316561642d376261662d3334, 'Mária', 249, 685, 184, '4082 Macák Crescent\nLake Jiří, CO 33733-0364', 'female', -408),
(0x66333436616461372d336262632d3337, 'Dalibor', 50, 819, 608, '544 Radka Parkways\nJahodovástad, NE 40788-2512', 'male', -565),
(0x39633562303839662d663630332d3337, 'Andrea', 57, 705, 405, '3778 Bartůněk Springs\nKamilmouth, MN 35528', 'female', -443),
(0x61353162666432642d346630622d3365, 'Marcel', 86, 958, 920, '8226 Kryštof Avenue\nDudkovástad, OH 50531', 'male', -415),
(0x35303034346237652d346336312d3365, 'Vendula', 1, 728, 652, '962 Ivana Coves Apt. 284\nJílekville, SC 96082', 'female', -622),
(0x62666336343032372d656635382d3362, 'Daniel', 229, 143, 465, '0554 Iveta Fort\nBradáčshire, MO 19922', 'male', -657),
(0x34303233343634662d616238302d3334, 'Jitka', 205, 246, 809, '4798 Jindřiška Greens Suite 905\nGáborton, AL 72934', 'female', 529),
(0x37646438616632662d346532392d3333, 'Ivana', 149, 657, 220, '771 Oldřich Highway Suite 437\nNeubauerside, PA 04629', 'male', -326),
(0x33366162306666362d396138662d3330, 'Bohuslav', 88, 991, 770, '9595 Nečas Greens Suite 185\nMartinashire, ID 44280-2103', 'female', 841),
(0x36353164393031662d366232612d3332, 'Barbora', 188, 493, 903, '0640 Zdeněk Prairie\nMokrýborough, OR 44674', 'female', 526),
(0x38623534383061612d316162352d3333, 'Anna', 185, 395, 312, '12406 Iveta Views\nBartošstad, AL 39815-2719', 'female', 705),
(0x34663232303139652d303034662d3330, 'Hana', 213, 767, 609, '0353 Fabiánová Falls\nWest Kryštoffort, OK 27403-4147', 'female', -483),
(0x62633961376265302d306361312d3337, 'Eva', 12, 259, 112, '589 Brožková Bypass Suite 350\nŠenkováville, MS 77929', 'male', 689),
(0x37663437326437342d396235332d3362, 'Daniel', 33, 581, 368, '421 Karel Hollow Suite 977\nPavlínaview, TX 81516', 'female', -693),
(0x33313639316164302d346266372d3335, 'Alena', 13, 268, 192, '3364 Vladimír Lake Suite 257\nAntoníntown, MD 93321-9811', 'male', -933),
(0x63353066313930312d653837312d3333, 'Blanka', 33, 971, 878, '0708 Ivana Estates\nMachfurt, WA 21342-1918', 'female', 356),
(0x62346562323635382d666636642d3335, 'Milada', 189, 433, 951, '346 Zdražil Lights Apt. 179\nLake Růženahaven, MT 50320', 'male', 291),
(0x66356533323735662d653136332d3363, 'Ludmila', 103, 971, 903, '2993 Louda Radial\nPavlínaville, OR 06668', 'female', 142),
(0x64383536643538322d316634382d3337, 'Ivo', 166, 314, 180, '57168 Jindrová Trace Apt. 058\nNorth Eduardside, DE 16779-7222', 'female', 403),
(0x65376131303935312d623939332d3362, 'Simona', 89, 592, 863, '156 Milan Walk\nValentaland, FL 46529', 'female', 939),
(0x32326534646265612d646138612d3365, 'Matyáš', 119, 367, 155, '38182 Pavlína Shoal\nKristýnachester, KS 18970', 'female', -997),
(0x36656262613834372d616263312d3337, 'Milan', 97, 371, 276, '34138 Dalibor Wall\nJurečkashire, SD 52100-7581', 'female', 926),
(0x31316161613864372d646263612d3331, 'Zuzana', 116, 114, 309, '785 Soňa Plaza Suite 164\nWest Evatown, SC 99442-0145', 'male', 874),
(0x61393663333563382d396262332d3337, 'Radim', 214, 906, 803, '3863 Suchánek Locks Suite 779\nTerezaton, WY 62680-6613', 'male', -671),
(0x66643733386166362d663061332d3330, 'Andrea', 127, 911, 446, '95702 Tomečková Lodge\nLake Vladimíraton, ND 55331-7588', 'female', -547),
(0x31633538393838352d313265382d3333, 'Bohumil', 218, 486, 698, '393 Vasyl Ford\nSouth Helena, CA 56490', 'male', 159),
(0x34626639373432652d613263332d3363, 'Božena', 234, 224, 831, '7048 Pešta Bridge Suite 519\nZdeňkastad, ME 03352', 'male', -593),
(0x63303562616535632d623638622d3338, 'Marta', 1, 543, 204, '911 Janoušek Lodge\nPort Ivostad, UT 15817', 'male', -201),
(0x38623636393737362d363165342d3366, 'Bohumil', 82, 701, 403, '733 Dušek Glen Apt. 418\nSouth Renáta, MT 77790-5943', 'male', -345),
(0x30343865323433382d383162632d3366, 'Richard', 130, 313, 199, '0459 Karolína Burg\nLake Barboraside, CT 87833', 'male', 324),
(0x30346132333461622d666663662d3366, 'Zdeněk', 101, 117, 132, '80587 Kryštof Orchard Suite 561\nStanislavatown, UT 89966-7887', 'male', 23),
(0x35633437346664622d393930372d3364, 'Tomáš', 166, 421, 163, '3465 Dana Crossing Suite 560\nHoškováfort, WY 90060', 'male', -563),
(0x36376336623037382d633739302d3363, 'Miloš', 220, 258, 213, '237 Simona Port Suite 095\nLibušeview, ME 65416-1584', 'male', -573),
(0x33333032323535372d363933382d3366, 'Jitka', 101, 845, 755, '2931 Strouhalová Terrace\nNorth Eliškahaven, MT 10672', 'female', -6),
(0x66623964313562322d613832352d3332, 'Pavlína', 51, 834, 168, '44240 Jaroslava Estate\nEast Stanislavastad, WV 19912-4616', 'female', -219),
(0x64346162316264662d623464382d3334, 'Mária', 222, 415, 731, '623 Slováčková Terrace Suite 273\nKalábchester, NH 40461-2810', 'female', 393),
(0x38366434316364642d336639392d3331, 'Vít', 242, 181, 358, '4333 Milada Course Suite 049\nNew Irena, MD 55978', 'male', -511),
(0x63626662626465352d616666372d3336, 'Bohumil', 31, 319, 350, '13924 Helena Falls\nHladíkováshire, MA 36153', 'male', -646),
(0x66613636386166662d373962662d3366, 'Jiřina', 68, 674, 793, '65579 Dalibor Roads\nWest Monikashire, NC 54960', 'female', -767),
(0x31653035323030332d313430352d3366, 'Marta', 91, 699, 941, '9460 Janata Village Suite 626\nLiborport, MN 93686', 'male', -452),
(0x34636138613234312d633336342d3335, 'Vendula', 250, 565, 967, '943 Foltýn Rue Suite 808\nDenisaview, MS 34089-2246', 'male', 104),
(0x30653337386264642d656231342d3330, 'Ivan', 141, 870, 904, '0686 Janáček Skyway\nNorth Alenashire, NM 39289', 'female', -247),
(0x62313562336333362d346337612d3363, 'Naděžda', 70, 396, 966, '65904 Anna Lodge\nDunkamouth, MA 09957', 'male', -62),
(0x32366362663164332d313165372d3330, 'Dalibor', 242, 941, 318, '996 Konečný Common\nKantorovámouth, KY 66035-2754', 'female', -443),
(0x62383331363031622d613932622d3334, 'Eliška', 236, 174, 805, '1850 Švestková Village Apt. 624\nNew Kateřinaton, VA 39716-5541', 'male', -967),
(0x31353831353334372d373263612d3334, 'David', 151, 801, 302, '757 Pour Hill\nLubošberg, ND 18419', 'male', -421),
(0x37316230363738322d653035342d3334, 'Bohumil', 128, 931, 338, '58415 Večeřová Turnpike\nTomanmouth, RI 16139', 'male', -917),
(0x32626162366637372d633139352d3362, 'Ondřej', 158, 569, 384, '19433 Alena Knoll Suite 088\nNew Veronika, NV 15765-0733', 'female', 767),
(0x64356538386236392d346365362d3339, 'Roman', 236, 691, 800, '861 Melicharová Key\nHejdukovábury, RI 21893', 'male', 288),
(0x66313037643036642d303266362d3333, 'Renáta', 88, 206, 702, '140 Slováčková Key\nLake Renataview, WV 56406', 'female', 364),
(0x35356162336431342d393863322d3334, 'Olga', 212, 271, 904, '905 Štěpánka Station\nEast Štefan, NC 08696-1737', 'male', 645),
(0x33313966303264312d336232632d3330, 'Libuše', 41, 827, 417, '61831 Kováříková Points Suite 382\nNorth Bohumilbury, AZ 07537', 'female', -32),
(0x64633232323830372d383931652d3335, 'Eliška', 33, 604, 818, '515 Straka Island Suite 354\nŠenkside, MA 57026-8159', 'female', -566),
(0x62663730313662612d633933642d3366, 'Vladislav', 61, 865, 761, '504 Vojta Burgs\nPort Anetamouth, MN 17087-0547', 'male', -864);

--
-- Indexy pro exportované tabulky
--

--
-- Indexy pro tabulku `doctrine_migration_versions`
--
ALTER TABLE `doctrine_migration_versions`
  ADD PRIMARY KEY (`version`);
COMMIT;

/*!40101 SET CHARACTER_SET_CLIENT=@OLD_CHARACTER_SET_CLIENT */;
/*!40101 SET CHARACTER_SET_RESULTS=@OLD_CHARACTER_SET_RESULTS */;
/*!40101 SET COLLATION_CONNECTION=@OLD_COLLATION_CONNECTION */;
